cardboard106,CARDBOARD
cardboard107,CARDBOARD
cardboard108,CARDBOARD
cardboard109,CARDBOARD
cardboard110,CARDBOARD
cardboard111,CARDBOARD
cardboard112,CARDBOARD
cardboard113,CARDBOARD
cardboard114,CARDBOARD
cardboard115,CARDBOARD
cardboard116,CARDBOARD
cardboard117,CARDBOARD
cardboard118,CARDBOARD
cardboard119,CARDBOARD
cardboard120,CARDBOARD
cardboard121,CARDBOARD
cardboard122,CARDBOARD
cardboard123,CARDBOARD
cardboard124,CARDBOARD
cardboard125,CARDBOARD
cardboard126,CARDBOARD
cardboard127,CARDBOARD
cardboard128,CARDBOARD
cardboard129,CARDBOARD
cardboard130,CARDBOARD
cardboard131,CARDBOARD
cardboard132,CARDBOARD
cardboard133,CARDBOARD
cardboard134,CARDBOARD
cardboard135,CARDBOARD
cardboard136,CARDBOARD
cardboard137,CARDBOARD
cardboard138,CARDBOARD
cardboard139,CARDBOARD
cardboard140,CARDBOARD
cardboard141,CARDBOARD
cardboard142,CARDBOARD
cardboard143,CARDBOARD
cardboard144,CARDBOARD
cardboard145,CARDBOARD
cardboard146,CARDBOARD
cardboard147,CARDBOARD
cardboard148,CARDBOARD
cardboard149,CARDBOARD
cardboard150,CARDBOARD
cardboard151,CARDBOARD
cardboard152,CARDBOARD
cardboard153,CARDBOARD
cardboard154,CARDBOARD
cardboard155,CARDBOARD
cardboard156,CARDBOARD
cardboard157,CARDBOARD
cardboard158,CARDBOARD
cardboard159,CARDBOARD
cardboard160,CARDBOARD
cardboard161,CARDBOARD
cardboard162,CARDBOARD
cardboard163,CARDBOARD
cardboard164,CARDBOARD
cardboard165,CARDBOARD
cardboard166,CARDBOARD
cardboard167,CARDBOARD
cardboard168,CARDBOARD
cardboard169,CARDBOARD
cardboard170,CARDBOARD
cardboard171,CARDBOARD
cardboard172,CARDBOARD
cardboard173,CARDBOARD
cardboard174,CARDBOARD
cardboard175,CARDBOARD
cardboard176,CARDBOARD
cardboard177,CARDBOARD
cardboard178,CARDBOARD
cardboard179,CARDBOARD
cardboard180,CARDBOARD
cardboard181,CARDBOARD
cardboard182,CARDBOARD
cardboard183,CARDBOARD
cardboard184,CARDBOARD
cardboard185,CARDBOARD
cardboard186,CARDBOARD
cardboard187,CARDBOARD
cardboard188,CARDBOARD
cardboard189,CARDBOARD
cardboard190,CARDBOARD
cardboard191,CARDBOARD
cardboard192,CARDBOARD
cardboard193,CARDBOARD
cardboard194,CARDBOARD
cardboard195,CARDBOARD
cardboard196,CARDBOARD
cardboard197,CARDBOARD
cardboard198,CARDBOARD
cardboard199,CARDBOARD
cardboard200,CARDBOARD
cardboard201,CARDBOARD
cardboard202,CARDBOARD
cardboard203,CARDBOARD
cardboard204,CARDBOARD
cardboard205,CARDBOARD
cardboard206,CARDBOARD
cardboard207,CARDBOARD
cardboard208,CARDBOARD
cardboard209,CARDBOARD
cardboard210,CARDBOARD
cardboard211,CARDBOARD
cardboard212,CARDBOARD
cardboard213,CARDBOARD
cardboard214,CARDBOARD
cardboard215,CARDBOARD
cardboard216,CARDBOARD
cardboard217,CARDBOARD
cardboard218,CARDBOARD
cardboard219,CARDBOARD
cardboard220,CARDBOARD
cardboard221,CARDBOARD
cardboard222,CARDBOARD
cardboard223,CARDBOARD
cardboard224,CARDBOARD
cardboard225,CARDBOARD
cardboard226,CARDBOARD
cardboard227,CARDBOARD
cardboard228,CARDBOARD
cardboard229,CARDBOARD
cardboard230,CARDBOARD
cardboard231,CARDBOARD
cardboard232,CARDBOARD
cardboard233,CARDBOARD
cardboard234,CARDBOARD
cardboard235,CARDBOARD
cardboard236,CARDBOARD
cardboard237,CARDBOARD
cardboard238,CARDBOARD
cardboard239,CARDBOARD
cardboard240,CARDBOARD
cardboard241,CARDBOARD
cardboard242,CARDBOARD
cardboard243,CARDBOARD
cardboard244,CARDBOARD
cardboard245,CARDBOARD
cardboard246,CARDBOARD
cardboard247,CARDBOARD
cardboard248,CARDBOARD
cardboard249,CARDBOARD
cardboard250,CARDBOARD
cardboard251,CARDBOARD
cardboard252,CARDBOARD
cardboard253,CARDBOARD
cardboard254,CARDBOARD
cardboard255,CARDBOARD
cardboard256,CARDBOARD
cardboard257,CARDBOARD
cardboard258,CARDBOARD
cardboard259,CARDBOARD
cardboard260,CARDBOARD
cardboard261,CARDBOARD
cardboard262,CARDBOARD
cardboard263,CARDBOARD
cardboard264,CARDBOARD
cardboard265,CARDBOARD
cardboard266,CARDBOARD
cardboard267,CARDBOARD
cardboard268,CARDBOARD
cardboard269,CARDBOARD
cardboard270,CARDBOARD
cardboard271,CARDBOARD
cardboard272,CARDBOARD
cardboard273,CARDBOARD
cardboard274,CARDBOARD
cardboard275,CARDBOARD
cardboard276,CARDBOARD
cardboard277,CARDBOARD
cardboard278,CARDBOARD
cardboard279,CARDBOARD
cardboard280,CARDBOARD
cardboard281,CARDBOARD
cardboard282,CARDBOARD
cardboard283,CARDBOARD
cardboard284,CARDBOARD
cardboard285,CARDBOARD
cardboard286,CARDBOARD
cardboard287,CARDBOARD
cardboard288,CARDBOARD
cardboard289,CARDBOARD
cardboard290,CARDBOARD
cardboard291,CARDBOARD
cardboard292,CARDBOARD
cardboard293,CARDBOARD
cardboard294,CARDBOARD
cardboard295,CARDBOARD
cardboard296,CARDBOARD
cardboard297,CARDBOARD
cardboard298,CARDBOARD
cardboard299,CARDBOARD
cardboard300,CARDBOARD
cardboard301,CARDBOARD
cardboard302,CARDBOARD
cardboard303,CARDBOARD
cardboard304,CARDBOARD
cardboard305,CARDBOARD
cardboard306,CARDBOARD
cardboard307,CARDBOARD
cardboard308,CARDBOARD
cardboard309,CARDBOARD
cardboard310,CARDBOARD
cardboard311,CARDBOARD
cardboard312,CARDBOARD
cardboard313,CARDBOARD
cardboard314,CARDBOARD
cardboard315,CARDBOARD
cardboard316,CARDBOARD
cardboard317,CARDBOARD
cardboard318,CARDBOARD
cardboard319,CARDBOARD
cardboard320,CARDBOARD
cardboard321,CARDBOARD
cardboard322,CARDBOARD
cardboard323,CARDBOARD
cardboard324,CARDBOARD
cardboard325,CARDBOARD
cardboard326,CARDBOARD
cardboard327,CARDBOARD
cardboard328,CARDBOARD
cardboard329,CARDBOARD
cardboard330,CARDBOARD
cardboard331,CARDBOARD
cardboard332,CARDBOARD
cardboard333,CARDBOARD
cardboard334,CARDBOARD
cardboard335,CARDBOARD
cardboard336,CARDBOARD
cardboard337,CARDBOARD
cardboard338,CARDBOARD
cardboard339,CARDBOARD
cardboard340,CARDBOARD
cardboard341,CARDBOARD
cardboard342,CARDBOARD
cardboard343,CARDBOARD
cardboard344,CARDBOARD
cardboard345,CARDBOARD
cardboard346,CARDBOARD
cardboard347,CARDBOARD
cardboard348,CARDBOARD
cardboard349,CARDBOARD
cardboard350,CARDBOARD
cardboard351,CARDBOARD
cardboard352,CARDBOARD
cardboard353,CARDBOARD
cardboard354,CARDBOARD
cardboard355,CARDBOARD
cardboard356,CARDBOARD
cardboard357,CARDBOARD
cardboard358,CARDBOARD
cardboard359,CARDBOARD
cardboard360,CARDBOARD
cardboard361,CARDBOARD
cardboard362,CARDBOARD
cardboard363,CARDBOARD
cardboard364,CARDBOARD
cardboard365,CARDBOARD
cardboard366,CARDBOARD
cardboard367,CARDBOARD
cardboard368,CARDBOARD
cardboard369,CARDBOARD
cardboard370,CARDBOARD
cardboard371,CARDBOARD
cardboard372,CARDBOARD
cardboard373,CARDBOARD
cardboard374,CARDBOARD
cardboard375,CARDBOARD
cardboard376,CARDBOARD
cardboard377,CARDBOARD
cardboard378,CARDBOARD
cardboard379,CARDBOARD
cardboard380,CARDBOARD
cardboard381,CARDBOARD
cardboard382,CARDBOARD
cardboard383,CARDBOARD
cardboard384,CARDBOARD
cardboard385,CARDBOARD
cardboard386,CARDBOARD
cardboard387,CARDBOARD
cardboard388,CARDBOARD
cardboard389,CARDBOARD
cardboard390,CARDBOARD
cardboard391,CARDBOARD
cardboard392,CARDBOARD
cardboard393,CARDBOARD
cardboard394,CARDBOARD
cardboard395,CARDBOARD
cardboard396,CARDBOARD
cardboard397,CARDBOARD
cardboard398,CARDBOARD
cardboard399,CARDBOARD
cardboard400,CARDBOARD
cardboard401,CARDBOARD
cardboard402,CARDBOARD
cardboard403,CARDBOARD
plastic106,PLASTIC
plastic107,PLASTIC
plastic108,PLASTIC
plastic109,PLASTIC
plastic110,PLASTIC
plastic111,PLASTIC
plastic112,PLASTIC
plastic113,PLASTIC
plastic114,PLASTIC
plastic115,PLASTIC
plastic116,PLASTIC
plastic117,PLASTIC
plastic118,PLASTIC
plastic119,PLASTIC
plastic120,PLASTIC
plastic121,PLASTIC
plastic122,PLASTIC
plastic123,PLASTIC
plastic124,PLASTIC
plastic125,PLASTIC
plastic126,PLASTIC
plastic127,PLASTIC
plastic128,PLASTIC
plastic129,PLASTIC
plastic130,PLASTIC
plastic131,PLASTIC
plastic132,PLASTIC
plastic133,PLASTIC
plastic134,PLASTIC
plastic135,PLASTIC
plastic136,PLASTIC
plastic137,PLASTIC
plastic138,PLASTIC
plastic139,PLASTIC
plastic140,PLASTIC
plastic141,PLASTIC
plastic142,PLASTIC
plastic143,PLASTIC
plastic144,PLASTIC
plastic145,PLASTIC
plastic146,PLASTIC
plastic147,PLASTIC
plastic148,PLASTIC
plastic149,PLASTIC
plastic150,PLASTIC
plastic151,PLASTIC
plastic152,PLASTIC
plastic153,PLASTIC
plastic154,PLASTIC
plastic155,PLASTIC
plastic156,PLASTIC
plastic157,PLASTIC
plastic158,PLASTIC
plastic159,PLASTIC
plastic160,PLASTIC
plastic161,PLASTIC
plastic162,PLASTIC
plastic163,PLASTIC
plastic164,PLASTIC
plastic165,PLASTIC
plastic166,PLASTIC
plastic167,PLASTIC
plastic168,PLASTIC
plastic169,PLASTIC
plastic170,PLASTIC
plastic171,PLASTIC
plastic172,PLASTIC
plastic173,PLASTIC
plastic174,PLASTIC
plastic175,PLASTIC
plastic176,PLASTIC
plastic177,PLASTIC
plastic178,PLASTIC
plastic179,PLASTIC
plastic180,PLASTIC
plastic181,PLASTIC
plastic182,PLASTIC
plastic183,PLASTIC
plastic184,PLASTIC
plastic185,PLASTIC
plastic186,PLASTIC
plastic187,PLASTIC
plastic188,PLASTIC
plastic189,PLASTIC
plastic190,PLASTIC
plastic191,PLASTIC
plastic192,PLASTIC
plastic193,PLASTIC
plastic194,PLASTIC
plastic195,PLASTIC
plastic196,PLASTIC
plastic197,PLASTIC
plastic198,PLASTIC
plastic199,PLASTIC
plastic200,PLASTIC
plastic201,PLASTIC
plastic202,PLASTIC
plastic203,PLASTIC
plastic204,PLASTIC
plastic205,PLASTIC
plastic206,PLASTIC
plastic207,PLASTIC
plastic208,PLASTIC
plastic209,PLASTIC
plastic210,PLASTIC
plastic211,PLASTIC
plastic212,PLASTIC
plastic213,PLASTIC
plastic214,PLASTIC
plastic215,PLASTIC
plastic216,PLASTIC
plastic217,PLASTIC
plastic218,PLASTIC
plastic219,PLASTIC
plastic220,PLASTIC
plastic221,PLASTIC
plastic222,PLASTIC
plastic223,PLASTIC
plastic224,PLASTIC
plastic225,PLASTIC
plastic226,PLASTIC
plastic227,PLASTIC
plastic228,PLASTIC
plastic229,PLASTIC
plastic230,PLASTIC
plastic231,PLASTIC
plastic232,PLASTIC
plastic233,PLASTIC
plastic234,PLASTIC
plastic235,PLASTIC
plastic236,PLASTIC
plastic237,PLASTIC
plastic238,PLASTIC
plastic239,PLASTIC
plastic240,PLASTIC
plastic241,PLASTIC
plastic242,PLASTIC
plastic243,PLASTIC
plastic244,PLASTIC
plastic245,PLASTIC
plastic246,PLASTIC
plastic247,PLASTIC
plastic248,PLASTIC
plastic249,PLASTIC
plastic250,PLASTIC
plastic251,PLASTIC
plastic252,PLASTIC
plastic253,PLASTIC
plastic254,PLASTIC
plastic255,PLASTIC
plastic256,PLASTIC
plastic257,PLASTIC
plastic258,PLASTIC
plastic259,PLASTIC
plastic260,PLASTIC
plastic261,PLASTIC
plastic262,PLASTIC
plastic263,PLASTIC
plastic264,PLASTIC
plastic265,PLASTIC
plastic266,PLASTIC
plastic267,PLASTIC
plastic268,PLASTIC
plastic269,PLASTIC
plastic270,PLASTIC
plastic271,PLASTIC
plastic272,PLASTIC
plastic273,PLASTIC
plastic274,PLASTIC
plastic275,PLASTIC
plastic276,PLASTIC
plastic277,PLASTIC
plastic278,PLASTIC
plastic279,PLASTIC
plastic280,PLASTIC
plastic281,PLASTIC
plastic282,PLASTIC
plastic283,PLASTIC
plastic284,PLASTIC
plastic285,PLASTIC
plastic286,PLASTIC
plastic287,PLASTIC
plastic288,PLASTIC
plastic289,PLASTIC
plastic290,PLASTIC
plastic291,PLASTIC
plastic292,PLASTIC
plastic293,PLASTIC
plastic294,PLASTIC
plastic295,PLASTIC
plastic296,PLASTIC
plastic297,PLASTIC
plastic298,PLASTIC
plastic299,PLASTIC
plastic300,PLASTIC
plastic301,PLASTIC
plastic302,PLASTIC
plastic303,PLASTIC
plastic304,PLASTIC
plastic305,PLASTIC
plastic306,PLASTIC
plastic307,PLASTIC
plastic308,PLASTIC
plastic309,PLASTIC
plastic310,PLASTIC
plastic311,PLASTIC
plastic312,PLASTIC
plastic313,PLASTIC
plastic314,PLASTIC
plastic315,PLASTIC
plastic316,PLASTIC
plastic317,PLASTIC
plastic318,PLASTIC
plastic319,PLASTIC
plastic320,PLASTIC
plastic321,PLASTIC
plastic322,PLASTIC
plastic323,PLASTIC
plastic324,PLASTIC
plastic325,PLASTIC
plastic326,PLASTIC
plastic327,PLASTIC
plastic328,PLASTIC
plastic329,PLASTIC
plastic330,PLASTIC
plastic331,PLASTIC
plastic332,PLASTIC
plastic333,PLASTIC
plastic334,PLASTIC
plastic335,PLASTIC
plastic336,PLASTIC
plastic337,PLASTIC
plastic338,PLASTIC
plastic339,PLASTIC
plastic340,PLASTIC
plastic341,PLASTIC
plastic342,PLASTIC
plastic343,PLASTIC
plastic344,PLASTIC
plastic345,PLASTIC
plastic346,PLASTIC
plastic347,PLASTIC
plastic348,PLASTIC
plastic349,PLASTIC
plastic350,PLASTIC
plastic351,PLASTIC
plastic352,PLASTIC
plastic353,PLASTIC
plastic354,PLASTIC
plastic355,PLASTIC
plastic356,PLASTIC
plastic357,PLASTIC
plastic358,PLASTIC
plastic359,PLASTIC
plastic360,PLASTIC
plastic361,PLASTIC
plastic362,PLASTIC
plastic363,PLASTIC
plastic364,PLASTIC
plastic365,PLASTIC
plastic366,PLASTIC
plastic367,PLASTIC
plastic368,PLASTIC
plastic369,PLASTIC
plastic370,PLASTIC
plastic371,PLASTIC
plastic372,PLASTIC
plastic373,PLASTIC
plastic374,PLASTIC
plastic375,PLASTIC
plastic376,PLASTIC
plastic377,PLASTIC
plastic378,PLASTIC
plastic379,PLASTIC
plastic380,PLASTIC
plastic381,PLASTIC
plastic382,PLASTIC
plastic383,PLASTIC
plastic384,PLASTIC
plastic385,PLASTIC
plastic386,PLASTIC
plastic387,PLASTIC
plastic388,PLASTIC
plastic389,PLASTIC
plastic390,PLASTIC
plastic391,PLASTIC
plastic392,PLASTIC
plastic393,PLASTIC
plastic394,PLASTIC
plastic395,PLASTIC
plastic396,PLASTIC
plastic397,PLASTIC
plastic398,PLASTIC
plastic399,PLASTIC
plastic400,PLASTIC
plastic401,PLASTIC
plastic402,PLASTIC
plastic403,PLASTIC
plastic404,PLASTIC
plastic405,PLASTIC
plastic406,PLASTIC
plastic407,PLASTIC
plastic408,PLASTIC
plastic409,PLASTIC
plastic410,PLASTIC
plastic411,PLASTIC
plastic412,PLASTIC
plastic413,PLASTIC
plastic414,PLASTIC
plastic415,PLASTIC
plastic416,PLASTIC
plastic417,PLASTIC
plastic418,PLASTIC
plastic419,PLASTIC
plastic420,PLASTIC
plastic421,PLASTIC
plastic422,PLASTIC
plastic423,PLASTIC
plastic424,PLASTIC
plastic425,PLASTIC
plastic426,PLASTIC
plastic427,PLASTIC
plastic428,PLASTIC
plastic429,PLASTIC
plastic430,PLASTIC
plastic431,PLASTIC
plastic432,PLASTIC
plastic433,PLASTIC
plastic434,PLASTIC
plastic435,PLASTIC
plastic436,PLASTIC
plastic437,PLASTIC
plastic438,PLASTIC
plastic439,PLASTIC
plastic440,PLASTIC
plastic441,PLASTIC
plastic442,PLASTIC
plastic443,PLASTIC
plastic444,PLASTIC
plastic445,PLASTIC
plastic446,PLASTIC
plastic447,PLASTIC
plastic448,PLASTIC
plastic449,PLASTIC
plastic450,PLASTIC
plastic451,PLASTIC
plastic452,PLASTIC
plastic453,PLASTIC
plastic454,PLASTIC
plastic455,PLASTIC
plastic456,PLASTIC
plastic457,PLASTIC
plastic458,PLASTIC
plastic459,PLASTIC
plastic460,PLASTIC
plastic461,PLASTIC
plastic462,PLASTIC
plastic463,PLASTIC
plastic464,PLASTIC
plastic465,PLASTIC
plastic466,PLASTIC
plastic467,PLASTIC
plastic468,PLASTIC
plastic469,PLASTIC
plastic470,PLASTIC
plastic471,PLASTIC
plastic472,PLASTIC
plastic473,PLASTIC
plastic474,PLASTIC
plastic475,PLASTIC
plastic476,PLASTIC
plastic477,PLASTIC
plastic478,PLASTIC
plastic479,PLASTIC
plastic480,PLASTIC
plastic481,PLASTIC
plastic482,PLASTIC
O_12568,WET WASTE
O_12569,WET WASTE
O_12570,WET WASTE
O_12571,WET WASTE
O_12572,WET WASTE
O_12573,WET WASTE
O_12574,WET WASTE
O_12575,WET WASTE
O_12576,WET WASTE
O_12577,WET WASTE
O_12578,WET WASTE
O_12579,WET WASTE
O_12580,WET WASTE
O_12581,WET WASTE
O_12582,WET WASTE
O_12583,WET WASTE
O_12584,WET WASTE
O_12585,WET WASTE
O_12586,WET WASTE
O_12587,WET WASTE
O_12588,WET WASTE
O_12589,WET WASTE
O_12590,WET WASTE
O_12591,WET WASTE
O_12592,WET WASTE
O_12593,WET WASTE
O_12594,WET WASTE
O_12595,WET WASTE
O_12596,WET WASTE
O_12597,WET WASTE
O_12598,WET WASTE
O_12599,WET WASTE
O_12600,WET WASTE
O_12601,WET WASTE
O_12602,WET WASTE
O_12603,WET WASTE
O_12604,WET WASTE
O_12605,WET WASTE
O_12606,WET WASTE
O_12607,WET WASTE
O_12608,WET WASTE
O_12609,WET WASTE
O_12610,WET WASTE
O_12611,WET WASTE
O_12612,WET WASTE
O_12613,WET WASTE
O_12614,WET WASTE
O_12615,WET WASTE
O_12616,WET WASTE
O_12617,WET WASTE
O_12618,WET WASTE
O_12619,WET WASTE
O_12620,WET WASTE
O_12621,WET WASTE
O_12622,WET WASTE
O_12623,WET WASTE
O_12624,WET WASTE
O_12625,WET WASTE
O_12626,WET WASTE
O_12627,WET WASTE
O_12628,WET WASTE
O_12629,WET WASTE
O_12630,WET WASTE
O_12631,WET WASTE
O_12632,WET WASTE
O_12633,WET WASTE
O_12634,WET WASTE
O_12635,WET WASTE
O_12636,WET WASTE
O_12637,WET WASTE
O_12638,WET WASTE
O_12639,WET WASTE
O_12640,WET WASTE
O_12641,WET WASTE
O_12642,WET WASTE
O_12643,WET WASTE
O_12644,WET WASTE
O_12645,WET WASTE
O_12646,WET WASTE
O_12647,WET WASTE
O_12648,WET WASTE
O_12649,WET WASTE
O_12650,WET WASTE
O_12651,WET WASTE
O_12652,WET WASTE
O_12653,WET WASTE
O_12654,WET WASTE
O_12655,WET WASTE
O_12656,WET WASTE
O_12657,WET WASTE
O_12658,WET WASTE
O_12659,WET WASTE
O_12660,WET WASTE
O_12661,WET WASTE
O_12662,WET WASTE
O_12663,WET WASTE
O_12664,WET WASTE
O_12665,WET WASTE
O_12666,WET WASTE
O_12667,WET WASTE
O_12668,WET WASTE
O_12669,WET WASTE
O_12670,WET WASTE
O_12671,WET WASTE
O_12672,WET WASTE
O_12673,WET WASTE
O_12674,WET WASTE
O_12675,WET WASTE
O_12676,WET WASTE
O_12677,WET WASTE
O_12678,WET WASTE
O_12679,WET WASTE
O_12680,WET WASTE
O_12681,WET WASTE
O_12682,WET WASTE
O_12683,WET WASTE
O_12684,WET WASTE
O_12685,WET WASTE
O_12686,WET WASTE
O_12687,WET WASTE
O_12688,WET WASTE
O_12689,WET WASTE
O_12690,WET WASTE
O_12691,WET WASTE
O_12692,WET WASTE
O_12693,WET WASTE
O_12694,WET WASTE
O_12695,WET WASTE
O_12696,WET WASTE
O_12697,WET WASTE
O_12698,WET WASTE
O_12699,WET WASTE
O_12700,WET WASTE
O_12701,WET WASTE
O_12702,WET WASTE
O_12703,WET WASTE
O_12704,WET WASTE
O_12705,WET WASTE
O_12706,WET WASTE
O_12707,WET WASTE
O_12708,WET WASTE
O_12709,WET WASTE
O_12710,WET WASTE
O_12711,WET WASTE
O_12712,WET WASTE
O_12713,WET WASTE
O_12714,WET WASTE
O_12918,WET WASTE
O_12919,WET WASTE
O_12920,WET WASTE
O_12921,WET WASTE
O_12922,WET WASTE
O_12923,WET WASTE
O_12924,WET WASTE
O_12925,WET WASTE
O_12926,WET WASTE
O_12927,WET WASTE
O_12928,WET WASTE
O_12929,WET WASTE
O_12930,WET WASTE
O_12931,WET WASTE
O_12932,WET WASTE
O_12933,WET WASTE
O_12934,WET WASTE
O_12935,WET WASTE
O_12936,WET WASTE
O_12937,WET WASTE
O_12938,WET WASTE
O_12939,WET WASTE
O_12940,WET WASTE
O_12941,WET WASTE
O_12942,WET WASTE
O_12943,WET WASTE
O_12944,WET WASTE
O_12945,WET WASTE
O_12946,WET WASTE
O_12947,WET WASTE
O_12948,WET WASTE
O_12949,WET WASTE
O_12950,WET WASTE
O_12951,WET WASTE
O_12952,WET WASTE
O_12953,WET WASTE
O_12954,WET WASTE
O_12955,WET WASTE
O_12956,WET WASTE
O_12957,WET WASTE
O_12958,WET WASTE
O_12959,WET WASTE
O_12960,WET WASTE
O_12961,WET WASTE
O_12962,WET WASTE
O_12963,WET WASTE
O_12964,WET WASTE
O_12965,WET WASTE
O_12966,WET WASTE
O_12967,WET WASTE
O_12968,WET WASTE
O_12969,WET WASTE
O_12970,WET WASTE
O_12971,WET WASTE
O_12972,WET WASTE
O_12973,WET WASTE
O_12974,WET WASTE
O_12975,WET WASTE
O_12976,WET WASTE
O_12977,WET WASTE
O_12978,WET WASTE
O_12979,WET WASTE
O_12980,WET WASTE
O_12981,WET WASTE
O_12982,WET WASTE
O_12983,WET WASTE
O_12984,WET WASTE
O_12985,WET WASTE
O_12986,WET WASTE
O_12987,WET WASTE
O_12988,WET WASTE
O_12989,WET WASTE
O_12990,WET WASTE
O_12991,WET WASTE
O_12992,WET WASTE
O_12993,WET WASTE
O_12994,WET WASTE
O_12995,WET WASTE
O_12996,WET WASTE
O_12997,WET WASTE
O_12998,WET WASTE
O_12999,WET WASTE
O_13000,WET WASTE
O_13001,WET WASTE
O_13002,WET WASTE
O_13003,WET WASTE
O_13004,WET WASTE
O_13005,WET WASTE
O_13006,WET WASTE
O_13007,WET WASTE
O_13008,WET WASTE
O_13009,WET WASTE
O_13010,WET WASTE
O_13011,WET WASTE
O_13012,WET WASTE
O_13013,WET WASTE
O_13014,WET WASTE
O_13015,WET WASTE
O_13016,WET WASTE
O_13017,WET WASTE
O_13018,WET WASTE
O_13019,WET WASTE
O_13020,WET WASTE
O_13021,WET WASTE
O_13022,WET WASTE
O_13023,WET WASTE
O_13024,WET WASTE
O_13025,WET WASTE
O_13026,WET WASTE
O_13027,WET WASTE
O_13028,WET WASTE
O_13029,WET WASTE
O_13030,WET WASTE
O_13031,WET WASTE
O_13032,WET WASTE
O_13033,WET WASTE
O_13034,WET WASTE
O_13035,WET WASTE
O_13036,WET WASTE
O_13037,WET WASTE
O_13038,WET WASTE
O_13039,WET WASTE
O_13040,WET WASTE
O_13041,WET WASTE
O_13042,WET WASTE
O_13043,WET WASTE
O_13044,WET WASTE
O_13045,WET WASTE
O_13046,WET WASTE
O_13047,WET WASTE
O_13048,WET WASTE
O_13049,WET WASTE
O_13050,WET WASTE
O_13051,WET WASTE
O_13052,WET WASTE
O_13053,WET WASTE
O_13054,WET WASTE
O_13055,WET WASTE
O_13056,WET WASTE
O_13057,WET WASTE
O_13058,WET WASTE
O_13059,WET WASTE
O_13060,WET WASTE
O_13061,WET WASTE
O_13062,WET WASTE
O_13063,WET WASTE
O_13064,WET WASTE
O_13065,WET WASTE
O_13066,WET WASTE
O_13067,WET WASTE
O_13068,WET WASTE
O_13069,WET WASTE
O_13070,WET WASTE
O_13071,WET WASTE
O_13072,WET WASTE
O_13073,WET WASTE
O_13074,WET WASTE
O_13075,WET WASTE
O_13076,WET WASTE
O_13077,WET WASTE
O_13078,WET WASTE
O_13079,WET WASTE
O_13080,WET WASTE
O_13081,WET WASTE
O_13082,WET WASTE
O_13083,WET WASTE
O_13084,WET WASTE
O_13085,WET WASTE
O_13086,WET WASTE
O_13087,WET WASTE
O_13088,WET WASTE
O_13089,WET WASTE
O_13090,WET WASTE
O_13091,WET WASTE
O_13092,WET WASTE
O_13093,WET WASTE
O_13094,WET WASTE
O_13095,WET WASTE
O_13096,WET WASTE
O_13097,WET WASTE
O_13098,WET WASTE
O_13099,WET WASTE
O_13100,WET WASTE
O_13101,WET WASTE
O_13102,WET WASTE
O_13103,WET WASTE
O_13104,WET WASTE
O_13105,WET WASTE
O_13106,WET WASTE
O_13107,WET WASTE
O_13108,WET WASTE
O_13109,WET WASTE
O_13110,WET WASTE
O_13111,WET WASTE
O_13112,WET WASTE
O_13113,WET WASTE
O_13114,WET WASTE
O_13115,WET WASTE
O_13116,WET WASTE
O_13117,WET WASTE
O_13118,WET WASTE
O_13119,WET WASTE
O_13120,WET WASTE
O_13121,WET WASTE
O_13122,WET WASTE
O_13123,WET WASTE
O_13124,WET WASTE
O_13125,WET WASTE
O_13126,WET WASTE
O_13127,WET WASTE
O_13128,WET WASTE
O_13129,WET WASTE
O_13130,WET WASTE
O_13131,WET WASTE
O_13132,WET WASTE
O_13133,WET WASTE
O_13134,WET WASTE
O_13135,WET WASTE
O_13136,WET WASTE
O_13137,WET WASTE
O_13138,WET WASTE
O_13139,WET WASTE
O_13140,WET WASTE
O_13141,WET WASTE
O_13142,WET WASTE
O_13143,WET WASTE
O_13144,WET WASTE
O_13145,WET WASTE
O_13146,WET WASTE
O_13147,WET WASTE
O_13148,WET WASTE
O_13149,WET WASTE
O_13150,WET WASTE
O_13151,WET WASTE
O_13152,WET WASTE
O_13153,WET WASTE
O_13154,WET WASTE
O_13155,WET WASTE
O_13156,WET WASTE
O_13157,WET WASTE
O_13158,WET WASTE
O_13159,WET WASTE
O_13160,WET WASTE
O_13161,WET WASTE
O_13162,WET WASTE
O_13163,WET WASTE
O_13164,WET WASTE
O_13165,WET WASTE
O_13166,WET WASTE
O_13167,WET WASTE
O_13168,WET WASTE
O_13169,WET WASTE
O_13170,WET WASTE
O_13171,WET WASTE
O_13172,WET WASTE
O_13173,WET WASTE
O_13174,WET WASTE
O_13175,WET WASTE
O_13176,WET WASTE
O_13177,WET WASTE
O_13178,WET WASTE
O_13179,WET WASTE
O_13180,WET WASTE
O_13181,WET WASTE
O_13182,WET WASTE
O_13183,WET WASTE
O_13184,WET WASTE
O_13185,WET WASTE
O_13186,WET WASTE
O_13187,WET WASTE
O_13188,WET WASTE
O_13189,WET WASTE
O_13190,WET WASTE
O_13191,WET WASTE
O_13192,WET WASTE
O_13193,WET WASTE
O_13194,WET WASTE
O_13195,WET WASTE
O_13196,WET WASTE
O_13197,WET WASTE
O_13198,WET WASTE
O_13199,WET WASTE
O_13200,WET WASTE
O_13201,WET WASTE
O_13202,WET WASTE
O_13203,WET WASTE
O_13204,WET WASTE